{
  "Create user post request" : {
    "transaction" : "Create user post request",
    "sampleCount" : 5,
    "errorCount" : 0,
    "errorPct" : 0.0,
    "meanResTime" : 308.0,
    "medianResTime" : 126.0,
    "minResTime" : 124.0,
    "maxResTime" : 1039.0,
    "pct1ResTime" : 1039.0,
    "pct2ResTime" : 1039.0,
    "pct3ResTime" : 1039.0,
    "throughput" : 1.9127773527161438,
    "receivedKBytesPerSec" : 0.74344276013772,
    "sentKBytesPerSec" : 0.7628694051262433
  },
  "Update user request" : {
    "transaction" : "Update user request",
    "sampleCount" : 5,
    "errorCount" : 0,
    "errorPct" : 0.0,
    "meanResTime" : 124.8,
    "medianResTime" : 125.0,
    "minResTime" : 124.0,
    "maxResTime" : 126.0,
    "pct1ResTime" : 126.0,
    "pct2ResTime" : 126.0,
    "pct3ResTime" : 126.0,
    "throughput" : 3.058103975535168,
    "receivedKBytesPerSec" : 1.188599006116208,
    "sentKBytesPerSec" : 1.2339927370030581
  },
  "Total" : {
    "transaction" : "Total",
    "sampleCount" : 15,
    "errorCount" : 0,
    "errorPct" : 0.0,
    "meanResTime" : 185.73333333333338,
    "medianResTime" : 125.0,
    "minResTime" : 124.0,
    "maxResTime" : 1039.0,
    "pct1ResTime" : 491.20000000000033,
    "pct2ResTime" : 1039.0,
    "pct3ResTime" : 1039.0,
    "throughput" : 5.235602094240838,
    "receivedKBytesPerSec" : 2.010730257417103,
    "sentKBytesPerSec" : 1.769742582897033
  },
  "Delete user request" : {
    "transaction" : "Delete user request",
    "sampleCount" : 5,
    "errorCount" : 0,
    "errorPct" : 0.0,
    "meanResTime" : 124.4,
    "medianResTime" : 124.0,
    "minResTime" : 124.0,
    "maxResTime" : 125.0,
    "pct1ResTime" : 125.0,
    "pct2ResTime" : 125.0,
    "pct3ResTime" : 125.0,
    "throughput" : 3.058103975535168,
    "receivedKBytesPerSec" : 1.1461917048929664,
    "sentKBytesPerSec" : 0.6474579510703364
  }
}